[
  {
    "apscan_data": [
      {
        "band": "2.4",
        "bssid": "9c:b2:b2:66:c1:be",
        "channel": "5",
        "frequency": 2432,
        "rates": "1.0 - 135.0 Mbps",
        "rssi": -35,
        "security": "wpa-psk",
        "ssid": "HUAWEI-B315-C1BE",
        "timestamp": 1522886457.0,
        "vendor": "HUAWEI TECHNOLOGIES CO.,LTD",
        "width": "20"
      },
      {
        "band": "2.4",
        "bssid": "84:78:ac:b9:76:19",
        "channel": "1",
        "frequency": 2412,
        "rates": "6.5 - 270.0 Mbps",
        "rssi": -56,
        "security": "wpa-eap",
        "ssid": "1 Telkom Connect",
        "timestamp": 1522886457.0,
        "vendor": "Cisco Systems, Inc",
        "width": "20"
      },
      {
        "band": "2.4",
        "bssid": "c0:a0:bb:c4:10:d6",
        "channel": "1",
        "frequency": 2412,
        "rates": "1.0 - 54.0 Mbps",
        "rssi": -66,
        "security": "wpa-psk",
        "ssid": "default",
        "timestamp": 1522886457.0,
        "vendor": "D-Link International",
        "width": "40"
      },
      {
        "band": "5.0",
        "bssid": "84:78:ac:b9:76:16",
        "channel": "56",
        "frequency": 5280,
        "rates": "6.5 - 270.0 Mbps",
        "rssi": -82,
        "security": "wpa-eap",
        "ssid": "1 Telkom Connect",
        "timestamp": 1522886457.0,
        "vendor": "Cisco Systems, Inc",
        "width": "20"
      },
      {
        "band": "5.0",
        "bssid": "e8:1d:a8:28:a6:6c",
        "channel": "36",
        "frequency": 5180,
        "rates": "6.0 - 866.7 Mbps",
        "rssi": -65,
        "security": "open",
        "ssid": "@VAST",
        "timestamp": 1522886457.0,
        "vendor": "Ruckus Wireless",
        "width": "80"
      },
      {
        "band": "2.4",
        "bssid": "e8:1d:a8:28:a6:68",
        "channel": "8",
        "frequency": 2447,
        "rates": "6.0 - 135.0 Mbps",
        "rssi": -52,
        "security": "open",
        "ssid": "@VAST",
        "timestamp": 1522886457.0,
        "vendor": "Ruckus Wireless",
        "width": "20"
      },
      {
        "band": "2.4",
        "bssid": "e8:1d:a8:68:a6:68",
        "channel": "8",
        "frequency": 2447,
        "rates": "6.0 - 135.0 Mbps",
        "rssi": -53,
        "security": "open",
        "ssid": "McDonalds@VAST",
        "timestamp": 1522886457.0,
        "vendor": "Ruckus Wireless",
        "width": "20"
      },
      {
        "band": "2.4",
        "bssid": "84:78:ac:b9:76:1a",
        "channel": "1",
        "frequency": 2412,
        "rates": "6.5 - 270.0 Mbps",
        "rssi": -57,
        "security": "open",
        "ssid": "1 Telkom Guest",
        "timestamp": 1522886457.0,
        "vendor": "Cisco Systems, Inc",
        "width": "20"
      },
      {
        "band": "5.0",
        "bssid": "84:78:ac:b9:76:15",
        "channel": "56",
        "frequency": 5280,
        "rates": "6.5 - 270.0 Mbps",
        "rssi": -82,
        "security": "open",
        "ssid": "1 Telkom Guest",
        "timestamp": 1522886457.0,
        "vendor": "Cisco Systems, Inc",
        "width": "20"
      },
      {
        "band": "5.0",
        "bssid": "e8:1d:a8:68:a6:6c",
        "channel": "36",
        "frequency": 5180,
        "rates": "6.0 - 866.7 Mbps",
        "rssi": -66,
        "security": "open",
        "ssid": "McDonalds@VAST",
        "timestamp": 1522886457.0,
        "vendor": "Ruckus Wireless",
        "width": "80"
      }
    ]
  },
  {
    "apscan_data": [
      {
        "band": "2.4",
        "bssid": "9c:b2:b2:66:c1:be",
        "channel": "5",
        "frequency": 2432,
        "rates": "1.0 - 135.0 Mbps",
        "rssi": -44,
        "security": "wpa-psk",
        "ssid": "HUAWEI-B315-C1BE",
        "timestamp": 1522886948.0,
        "vendor": "HUAWEI TECHNOLOGIES CO.,LTD",
        "width": "20"
      },
      {
        "band": "2.4",
        "bssid": "84:78:ac:b9:76:19",
        "channel": "1",
        "frequency": 2412,
        "rates": "6.5 - 270.0 Mbps",
        "rssi": -71,
        "security": "wpa-eap",
        "ssid": "1 Telkom Connect",
        "timestamp": 1522886948.0,
        "vendor": "Cisco Systems, Inc",
        "width": "20"
      },
      {
        "band": "2.4",
        "bssid": "c0:a0:bb:c4:10:d6",
        "channel": "1",
        "frequency": 2412,
        "rates": "1.0 - 54.0 Mbps",
        "rssi": -69,
        "security": "wpa-psk",
        "ssid": "default",
        "timestamp": 1522886948.0,
        "vendor": "D-Link International",
        "width": "40"
      },
      {
        "band": "5.0",
        "bssid": "84:78:ac:b9:76:16",
        "channel": "56",
        "frequency": 5280,
        "rates": "6.5 - 270.0 Mbps",
        "rssi": -81,
        "security": "wpa-eap",
        "ssid": "1 Telkom Connect",
        "timestamp": 1522886948.0,
        "vendor": "Cisco Systems, Inc",
        "width": "20"
      },
      {
        "band": "5.0",
        "bssid": "e8:1d:a8:28:a6:6c",
        "channel": "36",
        "frequency": 5180,
        "rates": "6.0 - 866.7 Mbps",
        "rssi": -68,
        "security": "open",
        "ssid": "@VAST",
        "timestamp": 1522886948.0,
        "vendor": "Ruckus Wireless",
        "width": "80"
      },
      {
        "band": "2.4",
        "bssid": "e8:1d:a8:28:a6:68",
        "channel": "8",
        "frequency": 2447,
        "rates": "6.0 - 135.0 Mbps",
        "rssi": -35,
        "security": "open",
        "ssid": "@VAST",
        "timestamp": 1522886948.0,
        "vendor": "Ruckus Wireless",
        "width": "20"
      },
      {
        "band": "2.4",
        "bssid": "e8:1d:a8:68:a6:68",
        "channel": "8",
        "frequency": 2447,
        "rates": "6.0 - 135.0 Mbps",
        "rssi": -35,
        "security": "open",
        "ssid": "McDonalds@VAST",
        "timestamp": 1522886948.0,
        "vendor": "Ruckus Wireless",
        "width": "20"
      },
      {
        "band": "2.4",
        "bssid": "84:78:ac:b9:76:1a",
        "channel": "1",
        "frequency": 2412,
        "rates": "6.5 - 270.0 Mbps",
        "rssi": -70,
        "security": "open",
        "ssid": "1 Telkom Guest",
        "timestamp": 1522886948.0,
        "vendor": "Cisco Systems, Inc",
        "width": "20"
      },
      {
        "band": "5.0",
        "bssid": "84:78:ac:b9:76:15",
        "channel": "56",
        "frequency": 5280,
        "rates": "6.5 - 270.0 Mbps",
        "rssi": -80,
        "security": "open",
        "ssid": "1 Telkom Guest",
        "timestamp": 1522886948.0,
        "vendor": "Cisco Systems, Inc",
        "width": "20"
      },
      {
        "band": "5.0",
        "bssid": "e8:1d:a8:68:a6:6c",
        "channel": "36",
        "frequency": 5180,
        "rates": "6.0 - 866.7 Mbps",
        "rssi": -66,
        "security": "open",
        "ssid": "McDonalds@VAST",
        "timestamp": 1522886948.0,
        "vendor": "Ruckus Wireless",
        "width": "80"
      }
    ]
  },
    {
    "apscan_data": [
      {
        "band": "2.4",
        "bssid": "9c:b2:b2:66:c1:be",
        "channel": "5",
        "frequency": 2432,
        "rates": "1.0 - 135.0 Mbps",
        "rssi": -38,
        "security": "wpa-psk",
        "ssid": "HUAWEI-B315-C1BE",
        "timestamp": 1523366618.0,
        "vendor": "HUAWEI TECHNOLOGIES CO.,LTD",
        "width": "20"
      },
      {
        "band": "2.4",
        "bssid": "84:78:ac:b9:76:19",
        "channel": "1",
        "frequency": 2412,
        "rates": "6.5 - 270.0 Mbps",
        "rssi": -52,
        "security": "wpa-eap",
        "ssid": "1 Telkom Connect",
        "timestamp": 1523366618.0,
        "vendor": "Cisco Systems, Inc",
        "width": "20"
      },
      {
        "band": "5.0",
        "bssid": "e8:1d:a8:68:a6:6c",
        "channel": "44",
        "frequency": 5220,
        "rates": "6.0 - 866.7 Mbps",
        "rssi": -71,
        "security": "open",
        "ssid": "McDonalds@VAST",
        "timestamp": 1523366618.0,
        "vendor": "Ruckus Wireless",
        "width": "80"
      },
      {
        "band": "5.0",
        "bssid": "e8:1d:a8:28:a6:6c",
        "channel": "44",
        "frequency": 5220,
        "rates": "6.0 - 866.7 Mbps",
        "rssi": -69,
        "security": "open",
        "ssid": "@VAST",
        "timestamp": 1523366618.0,
        "vendor": "Ruckus Wireless",
        "width": "80"
      },
      {
        "band": "2.4",
        "bssid": "e8:1d:a8:28:a6:68",
        "channel": "8",
        "frequency": 2447,
        "rates": "6.0 - 135.0 Mbps",
        "rssi": -54,
        "security": "open",
        "ssid": "@VAST",
        "timestamp": 1523366618.0,
        "vendor": "Ruckus Wireless",
        "width": "20"
      },
      {
        "band": "2.4",
        "bssid": "84:78:ac:b9:76:1a",
        "channel": "1",
        "frequency": 2412,
        "rates": "6.5 - 270.0 Mbps",
        "rssi": -52,
        "security": "open",
        "ssid": "1 Telkom Guest",
        "timestamp": 1523366618.0,
        "vendor": "Cisco Systems, Inc",
        "width": "20"
      },
      {
        "band": "2.4",
        "bssid": "e8:1d:a8:68:a6:68",
        "channel": "8",
        "frequency": 2447,
        "rates": "6.0 - 135.0 Mbps",
        "rssi": -54,
        "security": "open",
        "ssid": "McDonalds@VAST",
        "timestamp": 1523366618.0,
        "vendor": "Ruckus Wireless",
        "width": "20"
      },
      {
        "band": "5.0",
        "bssid": "84:78:ac:b9:76:15",
        "channel": "60",
        "frequency": 5300,
        "rates": "6.5 - 270.0 Mbps",
        "rssi": -83,
        "security": "open",
        "ssid": "1 Telkom Guest",
        "timestamp": 1523366618.0,
        "vendor": "Cisco Systems, Inc",
        "width": "20"
      },
      {
        "band": "5.0",
        "bssid": "84:78:ac:b9:76:16",
        "channel": "60",
        "frequency": 5300,
        "rates": "6.5 - 270.0 Mbps",
        "rssi": -82,
        "security": "wpa-eap",
        "ssid": "1 Telkom Connect",
        "timestamp": 1523366618.0,
        "vendor": "Cisco Systems, Inc",
        "width": "20"
      }
    ]
  },
  {
    "apscan_data": [
      {
        "band": "2.4",
        "bssid": "9c:b2:b2:66:c1:be",
        "channel": "5",
        "frequency": 2432,
        "rates": "1.0 - 135.0 Mbps",
        "rssi": -51,
        "security": "wpa-psk",
        "ssid": "HUAWEI-B315-C1BE",
        "timestamp": 1523367120.0,
        "vendor": "HUAWEI TECHNOLOGIES CO.,LTD",
        "width": "20"
      },
      {
        "band": "2.4",
        "bssid": "84:78:ac:b9:76:19",
        "channel": "1",
        "frequency": 2412,
        "rates": "6.5 - 270.0 Mbps",
        "rssi": -53,
        "security": "wpa-eap",
        "ssid": "1 Telkom Connect",
        "timestamp": 1523367120.0,
        "vendor": "Cisco Systems, Inc",
        "width": "20"
      },
      {
        "band": "5.0",
        "bssid": "e8:1d:a8:68:a6:6c",
        "channel": "44",
        "frequency": 5220,
        "rates": "6.0 - 866.7 Mbps",
        "rssi": -71,
        "security": "open",
        "ssid": "McDonalds@VAST",
        "timestamp": 1523367120.0,
        "vendor": "Ruckus Wireless",
        "width": "80"
      },
      {
        "band": "5.0",
        "bssid": "e8:1d:a8:28:a6:6c",
        "channel": "44",
        "frequency": 5220,
        "rates": "6.0 - 866.7 Mbps",
        "rssi": -71,
        "security": "open",
        "ssid": "@VAST",
        "timestamp": 1523367120.0,
        "vendor": "Ruckus Wireless",
        "width": "80"
      },
      {
        "band": "2.4",
        "bssid": "e8:1d:a8:28:a6:68",
        "channel": "8",
        "frequency": 2447,
        "rates": "6.0 - 135.0 Mbps",
        "rssi": -53,
        "security": "open",
        "ssid": "@VAST",
        "timestamp": 1523367120.0,
        "vendor": "Ruckus Wireless",
        "width": "20"
      },
      {
        "band": "2.4",
        "bssid": "84:78:ac:b9:76:1a",
        "channel": "1",
        "frequency": 2412,
        "rates": "6.5 - 270.0 Mbps",
        "rssi": -55,
        "security": "open",
        "ssid": "1 Telkom Guest",
        "timestamp": 1523367120.0,
        "vendor": "Cisco Systems, Inc",
        "width": "20"
      },
      {
        "band": "2.4",
        "bssid": "e8:1d:a8:68:a6:68",
        "channel": "8",
        "frequency": 2447,
        "rates": "6.0 - 135.0 Mbps",
        "rssi": -52,
        "security": "open",
        "ssid": "McDonalds@VAST",
        "timestamp": 1523367120.0,
        "vendor": "Ruckus Wireless",
        "width": "20"
      },
      {
        "band": "2.4",
        "bssid": "34:0a:6c:15:22:06",
        "channel": "11",
        "frequency": 2462,
        "rates": "1.0 - 150.0 Mbps",
        "rssi": -77,
        "security": "open",
        "ssid": "Algoa Bus FreeWiFi",
        "timestamp": 1523367120.0,
        "width": "20"
      }
    ]
  },
  {
    "apscan_data": [
      {
        "band": "2.4",
        "bssid": "9c:b2:b2:66:c1:be",
        "channel": "5",
        "frequency": 2432,
        "rates": "1.0 - 135.0 Mbps",
        "rssi": -51,
        "security": "wpa-psk",
        "ssid": "HUAWEI-B315-C1BE",
        "timestamp": 1523367120.0,
        "vendor": "HUAWEI TECHNOLOGIES CO.,LTD",
        "width": "20"
      },
      {
        "band": "2.4",
        "bssid": "84:78:ac:b9:76:19",
        "channel": "1",
        "frequency": 2412,
        "rates": "6.5 - 270.0 Mbps",
        "rssi": -53,
        "security": "wpa-eap",
        "ssid": "1 Telkom Connect",
        "timestamp": 1523367120.0,
        "vendor": "Cisco Systems, Inc",
        "width": "20"
      },
      {
        "band": "5.0",
        "bssid": "e8:1d:a8:68:a6:6c",
        "channel": "44",
        "frequency": 5220,
        "rates": "6.0 - 866.7 Mbps",
        "rssi": -71,
        "security": "open",
        "ssid": "McDonalds@VAST",
        "timestamp": 1523367120.0,
        "vendor": "Ruckus Wireless",
        "width": "80"
      },
      {
        "band": "5.0",
        "bssid": "e8:1d:a8:28:a6:6c",
        "channel": "44",
        "frequency": 5220,
        "rates": "6.0 - 866.7 Mbps",
        "rssi": -71,
        "security": "open",
        "ssid": "@VAST",
        "timestamp": 1523367120.0,
        "vendor": "Ruckus Wireless",
        "width": "80"
      },
      {
        "band": "2.4",
        "bssid": "e8:1d:a8:28:a6:68",
        "channel": "8",
        "frequency": 2447,
        "rates": "6.0 - 135.0 Mbps",
        "rssi": -53,
        "security": "open",
        "ssid": "@VAST",
        "timestamp": 1523367120.0,
        "vendor": "Ruckus Wireless",
        "width": "20"
      },
      {
        "band": "2.4",
        "bssid": "84:78:ac:b9:76:1a",
        "channel": "1",
        "frequency": 2412,
        "rates": "6.5 - 270.0 Mbps",
        "rssi": -55,
        "security": "open",
        "ssid": "1 Telkom Guest",
        "timestamp": 1523367120.0,
        "vendor": "Cisco Systems, Inc",
        "width": "20"
      },
      {
        "band": "2.4",
        "bssid": "e8:1d:a8:68:a6:68",
        "channel": "8",
        "frequency": 2447,
        "rates": "6.0 - 135.0 Mbps",
        "rssi": -52,
        "security": "open",
        "ssid": "McDonalds@VAST",
        "timestamp": 1523367120.0,
        "vendor": "Ruckus Wireless",
        "width": "20"
      },
      {
        "band": "2.4",
        "bssid": "34:0a:6c:15:22:06",
        "channel": "11",
        "frequency": 2462,
        "rates": "1.0 - 150.0 Mbps",
        "rssi": -77,
        "security": "open",
        "ssid": "Algoa Bus FreeWiFi",
        "timestamp": 1523367120.0,
        "width": "20"
      }
    ]
  }
]
